Номер клиента;ФИО;Телефон;E-mail
1;Попов Алексей Юрьевич;+79056653601;alik.al@bk.ru
2;Татарян Айгевард Араикович;+79056653601;alik.al@bk.ru
3;Попов Алексей Юрьевич;+79056653601;2alik.al@bk.ru
4;Попов Алексей1;+79056653601;alik.al@bk3.ru
5;Лолов лолвццввццвцв;89040695480;ehidna23@mail.ru
6;ПУтинПутин ПпутинПутин;438964943690;lolololooloLowerkofw3@mail.ru
7;1dwa;+79056653601;alik.al@bk.ru
8;dawawawawawawawawawawawawawawawawawawawawawawawawawawawawawawawawawawawawawawawawawawawawawawaw;+79056653601;alik.al@bk.ru
9;Татарян Айгевард Араикович;+79056653601;alexseypopov@list.ru
10;Поплчко аомык ашо;+79056653601;alexseypopov@list.ru